Time;Sender;Receiver;Type
0;1;0;IPMessage
1;3;0;TicketRequest
1;5;0;TicketRequest
2;0;3;Ticket
2;5;0;TicketRequest
3;5;0;TicketRequest
4;5;0;TicketRequest
5;5;0;TicketRequest
6;5;0;TicketRequest
7;3;1;BoardingRequest
7;5;0;TicketRequest
8;1;3;BoardingCall
8;5;0;TicketRequest
9;5;0;TicketRequest
10;5;0;TicketRequest
11;5;0;TicketRequest
12;5;0;TicketRequest
13;5;0;TicketRequest
14;5;0;TicketRequest
15;5;0;TicketRequest
16;5;0;TicketRequest
17;5;0;TicketRequest
18;5;0;TicketRequest
19;5;0;TicketRequest
20;5;0;TicketRequest
21;5;0;TicketRequest
22;5;0;TicketRequest
23;5;0;TicketRequest
24;5;0;TicketRequest
25;5;0;TicketRequest
26;5;0;TicketRequest
27;5;0;TicketRequest
28;5;0;TicketRequest
29;5;0;TicketRequest
30;5;0;TicketRequest
31;5;0;TicketRequest
32;5;0;TicketRequest
33;5;0;TicketRequest
34;5;0;TicketRequest
35;5;0;TicketRequest
36;5;0;TicketRequest
37;5;0;TicketRequest
38;5;0;TicketRequest
39;5;0;TicketRequest
40;5;0;TicketRequest
41;5;0;TicketRequest
42;5;0;TicketRequest
43;5;0;TicketRequest
44;5;0;TicketRequest
45;5;0;TicketRequest
46;5;0;TicketRequest
47;5;0;TicketRequest
48;5;0;TicketRequest
49;5;0;TicketRequest
50;2;0;TicketRequest
50;5;0;TicketRequest
51;0;2;Ticket
51;5;0;TicketRequest
52;5;0;TicketRequest
53;5;0;TicketRequest
54;5;0;TicketRequest
55;5;0;TicketRequest
56;2;1;BoardingRequest
56;5;0;TicketRequest
57;1;2;BoardingCall
57;5;0;TicketRequest
58;5;0;TicketRequest
59;5;0;TicketRequest
60;5;0;TicketRequest
61;5;0;TicketRequest
62;5;0;TicketRequest
63;5;0;TicketRequest
64;5;0;TicketRequest
65;5;0;TicketRequest
66;5;0;TicketRequest
67;5;0;TicketRequest
68;5;0;TicketRequest
69;5;0;TicketRequest
70;5;0;TicketRequest
71;5;0;TicketRequest
72;5;0;TicketRequest
73;5;0;TicketRequest
74;5;0;TicketRequest
75;5;0;TicketRequest
76;5;0;TicketRequest
77;5;0;TicketRequest
78;5;0;TicketRequest
79;5;0;TicketRequest
80;5;0;TicketRequest
81;5;0;TicketRequest
82;5;0;TicketRequest
83;5;0;TicketRequest
84;5;0;TicketRequest
85;5;0;TicketRequest
86;5;0;TicketRequest
87;5;0;TicketRequest
88;5;0;TicketRequest
89;5;0;TicketRequest
90;5;0;TicketRequest
91;5;0;TicketRequest
92;5;0;TicketRequest
93;5;0;TicketRequest
94;5;0;TicketRequest
95;5;0;TicketRequest
96;5;0;TicketRequest
97;5;0;TicketRequest
98;5;0;TicketRequest
99;5;0;TicketRequest
